{"Mass": {"CRH": 24984.7752, "ACTH": 68496.12, "Cort_p": 9980.8632, "Cort_i": 37190.934, "Cort_k": 0.0607904, "Cortisone_p": 9980.8632, "Cortisone_k": 30.60117422810793, "Alb_tl": 54.25886392370344, "Alb-Cort_tl": 1381707.864685905, "Alb_tm": 54.40279711663902, "Alb-Cort_tm": 1385373.1390814048, "Alb_tu": 43.89621977927862, "Alb-Cort_tu": 1117822.0057149779, "COPEffect": 1.0, "Alb_p": 150.67600999757298, "Alb-Cort_p": 3836980.964545942, "CBG_tl": 33190.26929239796, "CBG-Cort_tl": 8817365.347094659, "CBG_tm": 30236.617047748674, "CBG-Cort_tm": 8032694.673895147, "CBG_tu": 27905.82466372047, "CBG-Cort_tu": 7413493.672024707, "CBG_p": 122885.30099999998, "CBG-Cort_p": 32645851.26318548}, "Concentration": {"CRH": 7.66, "ACTH": 21.0, "Cort_p": 3.06, "Cort_i": 3.06, "Cort_k": 0.0121, "Cortisone_p": 3.06, "Cortisone_k": 6.0909980549577885, "Alb_tl": 0.014254565687365934, "Alb-Cort_tl": 362.99406389360735, "Alb_tm": 0.009395343519729038, "Alb-Cort_tm": 239.2534434721962, "Alb_tu": 0.017183744805003922, "Alb-Cort_tu": 437.58592836030954, "COPEffect": 1.0, "Alb_p": 0.0461952620082573, "Alb-Cort_p": 1176.3673658517414, "CBG_tl": 8.719549942570174, "CBG-Cort_tl": 2316.4457277690476, "CBG_tm": 5.2218529026921585, "CBG-Cort_tm": 1387.2434847152438, "CBG_tu": 10.924097154737668, "CBG-Cort_tu": 2902.108291195492, "CBG_p": 37.675, "CBG-Cort_p": 10008.784096484518}}